{
  "timestamp": "2026-04-10T18:09:30.662985",
  "results": {
    "test_1": {
      "name": "test_1",
      "iterations": 5000,
      "total_time": 0.057155003771185875,
      "avg_time": 1.1431000754237175e-05,
      "min_time": 1.0185991413891315e-05,
      "max_time": 2.532399957999587e-05,
      "median_time": 1.13139976747334e-05,
      "std_dev": 1.4254902955868608e-06,
      "variance": 2.032022582812316e-12,
      "ops_per_sec": 87481.40442815787,
      "metadata": {}
    },
    "test_2": {
      "name": "test_2",
      "iterations": 5000,
      "total_time": 0.10603926749899983,
      "avg_time": 2.1207853499799968e-05,
      "min_time": 1.9942992366850376e-05,
      "max_time": 4.379800520837307e-05,
      "median_time": 2.0459992811083794e-05,
      "std_dev": 2.1549352076523215e-06,
      "variance": 4.643745749179554e-12,
      "ops_per_sec": 47152.343824396565,
      "metadata": {}
    },
    "test_3": {
      "name": "test_3",
      "iterations": 5000,
      "total_time": 0.04658710188232362,
      "avg_time": 9.317420376464725e-06,
      "min_time": 8.670962415635586e-06,
      "max_time": 2.3729982785880566e-05,
      "median_time": 9.006005711853504e-06,
      "std_dev": 1.1472229259302442e-06,
      "variance": 1.3161204417799505e-12,
      "ops_per_sec": 107325.84337677232,
      "metadata": {}
    }
  }
}